{"stats":{"minecraft:crafted":{"minecraft:red_dye":1},"minecraft:picked_up":{"minecraft:white_banner":15,"minecraft:tnt":114,"minecraft:repeater":1,"minecraft:rose_bush":1,"minecraft:stone_button":4,"minecraft:redstone":15,"minecraft:magenta_concrete":1,"minecraft:dirt":60},"minecraft:custom":{"minecraft:time_since_rest":67528,"minecraft:crouch_one_cm":290,"minecraft:play_one_minute":67528,"minecraft:sprint_one_cm":15776,"minecraft:walk_one_cm":198596,"minecraft:sneak_time":411,"minecraft:interact_with_anvil":2,"minecraft:jump":229,"minecraft:damage_dealt":20,"minecraft:leave_game":45,"minecraft:time_since_death":67528,"minecraft:interact_with_crafting_table":3,"minecraft:fly_one_cm":175262,"minecraft:inspect_dispenser":13},"minecraft:used":{"minecraft:glass":71,"minecraft:writable_book":1,"minecraft:repeater":3,"minecraft:dirt":100,"minecraft:anvil":1,"minecraft:yellow_stained_glass":99,"minecraft:written_book":2,"minecraft:command_block":2,"minecraft:crafting_table":1,"minecraft:wolf_spawn_egg":1,"minecraft:lime_stained_glass":29,"minecraft:white_banner":39,"minecraft:grass_block":103,"minecraft:dispenser":8,"minecraft:redstone":15,"minecraft:birch_sign":6,"minecraft:stone_button":4,"minecraft:magenta_concrete":4,"minecraft:obsidian":256,"minecraft:birch_fence":40}},"DataVersion":2584}